epoch,accuracy,loss,val_accuracy,val_loss
0,0.7088758945465088,0.5205668807029724,0.7730212807655334,0.4155053496360779
